{"Version":1,"ManifestType":"Publish","Endpoints":[{"Route":"templates/otp-email.321zwujigx.html","AssetFile":"templates/otp-email.html","Selectors":[],"ResponseHeaders":[{"Name":"Accept-Ranges","Value":"bytes"},{"Name":"Cache-Control","Value":"max-age=31536000, immutable"},{"Name":"Content-Length","Value":"3027"},{"Name":"Content-Type","Value":"text/html"},{"Name":"ETag","Value":"\"5QexvEIHgk28QibbzKiW7YdsYvsR2uWOe84fJsjt9F4=\""},{"Name":"Last-Modified","Value":"Wed, 10 Dec 2025 07:56:59 GMT"}],"EndpointProperties":[{"Name":"fingerprint","Value":"321zwujigx"},{"Name":"integrity","Value":"sha256-5QexvEIHgk28QibbzKiW7YdsYvsR2uWOe84fJsjt9F4="},{"Name":"label","Value":"templates/otp-email.html"}]},{"Route":"templates/otp-email.html","AssetFile":"templates/otp-email.html","Selectors":[],"ResponseHeaders":[{"Name":"Accept-Ranges","Value":"bytes"},{"Name":"Cache-Control","Value":"no-cache"},{"Name":"Content-Length","Value":"3027"},{"Name":"Content-Type","Value":"text/html"},{"Name":"ETag","Value":"\"5QexvEIHgk28QibbzKiW7YdsYvsR2uWOe84fJsjt9F4=\""},{"Name":"Last-Modified","Value":"Wed, 10 Dec 2025 07:56:59 GMT"}],"EndpointProperties":[{"Name":"integrity","Value":"sha256-5QexvEIHgk28QibbzKiW7YdsYvsR2uWOe84fJsjt9F4="}]},{"Route":"uploads/40fefea6-f505-4cf5-8f52-bf722a3405f6.j52w1sj53c.png","AssetFile":"uploads/40fefea6-f505-4cf5-8f52-bf722a3405f6.png","Selectors":[],"ResponseHeaders":[{"Name":"Accept-Ranges","Value":"bytes"},{"Name":"Cache-Control","Value":"max-age=31536000, immutable"},{"Name":"Content-Length","Value":"17630"},{"Name":"Content-Type","Value":"image/png"},{"Name":"ETag","Value":"\"GSxNyLqOPDecZSJAhb+zpTBUf6hS49XEmNvFt5Zh6LU=\""},{"Name":"Last-Modified","Value":"Wed, 10 Dec 2025 21:06:34 GMT"}],"EndpointProperties":[{"Name":"fingerprint","Value":"j52w1sj53c"},{"Name":"integrity","Value":"sha256-GSxNyLqOPDecZSJAhb+zpTBUf6hS49XEmNvFt5Zh6LU="},{"Name":"label","Value":"uploads/40fefea6-f505-4cf5-8f52-bf722a3405f6.png"}]},{"Route":"uploads/40fefea6-f505-4cf5-8f52-bf722a3405f6.png","AssetFile":"uploads/40fefea6-f505-4cf5-8f52-bf722a3405f6.png","Selectors":[],"ResponseHeaders":[{"Name":"Accept-Ranges","Value":"bytes"},{"Name":"Cache-Control","Value":"no-cache"},{"Name":"Content-Length","Value":"17630"},{"Name":"Content-Type","Value":"image/png"},{"Name":"ETag","Value":"\"GSxNyLqOPDecZSJAhb+zpTBUf6hS49XEmNvFt5Zh6LU=\""},{"Name":"Last-Modified","Value":"Wed, 10 Dec 2025 21:06:34 GMT"}],"EndpointProperties":[{"Name":"integrity","Value":"sha256-GSxNyLqOPDecZSJAhb+zpTBUf6hS49XEmNvFt5Zh6LU="}]},{"Route":"uploads/494c0f12-55e7-432d-8f8f-39bbcc6de144.ggmn6fp7vb.pdf","AssetFile":"uploads/494c0f12-55e7-432d-8f8f-39bbcc6de144.pdf","Selectors":[],"ResponseHeaders":[{"Name":"Accept-Ranges","Value":"bytes"},{"Name":"Cache-Control","Value":"max-age=31536000, immutable"},{"Name":"Content-Length","Value":"2733844"},{"Name":"Content-Type","Value":"application/pdf"},{"Name":"ETag","Value":"\"kHyevXy++xzBUwL/guOxaAyLgVFbEARccJyNklovB1g=\""},{"Name":"Last-Modified","Value":"Wed, 10 Dec 2025 10:01:47 GMT"}],"EndpointProperties":[{"Name":"fingerprint","Value":"ggmn6fp7vb"},{"Name":"integrity","Value":"sha256-kHyevXy++xzBUwL/guOxaAyLgVFbEARccJyNklovB1g="},{"Name":"label","Value":"uploads/494c0f12-55e7-432d-8f8f-39bbcc6de144.pdf"}]},{"Route":"uploads/494c0f12-55e7-432d-8f8f-39bbcc6de144.pdf","AssetFile":"uploads/494c0f12-55e7-432d-8f8f-39bbcc6de144.pdf","Selectors":[],"ResponseHeaders":[{"Name":"Accept-Ranges","Value":"bytes"},{"Name":"Cache-Control","Value":"no-cache"},{"Name":"Content-Length","Value":"2733844"},{"Name":"Content-Type","Value":"application/pdf"},{"Name":"ETag","Value":"\"kHyevXy++xzBUwL/guOxaAyLgVFbEARccJyNklovB1g=\""},{"Name":"Last-Modified","Value":"Wed, 10 Dec 2025 10:01:47 GMT"}],"EndpointProperties":[{"Name":"integrity","Value":"sha256-kHyevXy++xzBUwL/guOxaAyLgVFbEARccJyNklovB1g="}]},{"Route":"uploads/69f7ad04-688d-475b-a076-131095a6f1ba.cssg0625h9.jpg","AssetFile":"uploads/69f7ad04-688d-475b-a076-131095a6f1ba.jpg","Selectors":[],"ResponseHeaders":[{"Name":"Accept-Ranges","Value":"bytes"},{"Name":"Cache-Control","Value":"max-age=31536000, immutable"},{"Name":"Content-Length","Value":"634820"},{"Name":"Content-Type","Value":"image/jpeg"},{"Name":"ETag","Value":"\"vC3WiHC1gxlgqEkMELGjEkSUTgjEOIAu/b0iQ/HG7cI=\""},{"Name":"Last-Modified","Value":"Sat, 13 Dec 2025 08:08:05 GMT"}],"EndpointProperties":[{"Name":"fingerprint","Value":"cssg0625h9"},{"Name":"integrity","Value":"sha256-vC3WiHC1gxlgqEkMELGjEkSUTgjEOIAu/b0iQ/HG7cI="},{"Name":"label","Value":"uploads/69f7ad04-688d-475b-a076-131095a6f1ba.jpg"}]},{"Route":"uploads/69f7ad04-688d-475b-a076-131095a6f1ba.jpg","AssetFile":"uploads/69f7ad04-688d-475b-a076-131095a6f1ba.jpg","Selectors":[],"ResponseHeaders":[{"Name":"Accept-Ranges","Value":"bytes"},{"Name":"Cache-Control","Value":"no-cache"},{"Name":"Content-Length","Value":"634820"},{"Name":"Content-Type","Value":"image/jpeg"},{"Name":"ETag","Value":"\"vC3WiHC1gxlgqEkMELGjEkSUTgjEOIAu/b0iQ/HG7cI=\""},{"Name":"Last-Modified","Value":"Sat, 13 Dec 2025 08:08:05 GMT"}],"EndpointProperties":[{"Name":"integrity","Value":"sha256-vC3WiHC1gxlgqEkMELGjEkSUTgjEOIAu/b0iQ/HG7cI="}]},{"Route":"uploads/816f3a03-a571-4e4d-9670-6d4d5c2ca1fd.png","AssetFile":"uploads/816f3a03-a571-4e4d-9670-6d4d5c2ca1fd.png","Selectors":[],"ResponseHeaders":[{"Name":"Accept-Ranges","Value":"bytes"},{"Name":"Cache-Control","Value":"no-cache"},{"Name":"Content-Length","Value":"5478"},{"Name":"Content-Type","Value":"image/png"},{"Name":"ETag","Value":"\"hcsi8ppOSTvSsQc7mZ6MkcQ9rq83q/aCPBxunr88ANw=\""},{"Name":"Last-Modified","Value":"Wed, 10 Dec 2025 07:56:59 GMT"}],"EndpointProperties":[{"Name":"integrity","Value":"sha256-hcsi8ppOSTvSsQc7mZ6MkcQ9rq83q/aCPBxunr88ANw="}]},{"Route":"uploads/816f3a03-a571-4e4d-9670-6d4d5c2ca1fd.r8sqrufc6h.png","AssetFile":"uploads/816f3a03-a571-4e4d-9670-6d4d5c2ca1fd.png","Selectors":[],"ResponseHeaders":[{"Name":"Accept-Ranges","Value":"bytes"},{"Name":"Cache-Control","Value":"max-age=31536000, immutable"},{"Name":"Content-Length","Value":"5478"},{"Name":"Content-Type","Value":"image/png"},{"Name":"ETag","Value":"\"hcsi8ppOSTvSsQc7mZ6MkcQ9rq83q/aCPBxunr88ANw=\""},{"Name":"Last-Modified","Value":"Wed, 10 Dec 2025 07:56:59 GMT"}],"EndpointProperties":[{"Name":"fingerprint","Value":"r8sqrufc6h"},{"Name":"integrity","Value":"sha256-hcsi8ppOSTvSsQc7mZ6MkcQ9rq83q/aCPBxunr88ANw="},{"Name":"label","Value":"uploads/816f3a03-a571-4e4d-9670-6d4d5c2ca1fd.png"}]},{"Route":"uploads/83635c15-c632-4703-b623-930e7bcc1e4c.ibum31h9s3.jpg","AssetFile":"uploads/83635c15-c632-4703-b623-930e7bcc1e4c.jpg","Selectors":[],"ResponseHeaders":[{"Name":"Accept-Ranges","Value":"bytes"},{"Name":"Cache-Control","Value":"max-age=31536000, immutable"},{"Name":"Content-Length","Value":"3092143"},{"Name":"Content-Type","Value":"image/jpeg"},{"Name":"ETag","Value":"\"/hkgERyetC0vc0d6Cgjq4Bwb73TWJg7jT/fiUkvobJ4=\""},{"Name":"Last-Modified","Value":"Sat, 13 Dec 2025 11:32:07 GMT"}],"EndpointProperties":[{"Name":"fingerprint","Value":"ibum31h9s3"},{"Name":"integrity","Value":"sha256-/hkgERyetC0vc0d6Cgjq4Bwb73TWJg7jT/fiUkvobJ4="},{"Name":"label","Value":"uploads/83635c15-c632-4703-b623-930e7bcc1e4c.jpg"}]},{"Route":"uploads/83635c15-c632-4703-b623-930e7bcc1e4c.jpg","AssetFile":"uploads/83635c15-c632-4703-b623-930e7bcc1e4c.jpg","Selectors":[],"ResponseHeaders":[{"Name":"Accept-Ranges","Value":"bytes"},{"Name":"Cache-Control","Value":"no-cache"},{"Name":"Content-Length","Value":"3092143"},{"Name":"Content-Type","Value":"image/jpeg"},{"Name":"ETag","Value":"\"/hkgERyetC0vc0d6Cgjq4Bwb73TWJg7jT/fiUkvobJ4=\""},{"Name":"Last-Modified","Value":"Sat, 13 Dec 2025 11:32:07 GMT"}],"EndpointProperties":[{"Name":"integrity","Value":"sha256-/hkgERyetC0vc0d6Cgjq4Bwb73TWJg7jT/fiUkvobJ4="}]},{"Route":"uploads/8de9c306-3931-4a70-84de-0a6ed279bcb5.19ktowizhw.png","AssetFile":"uploads/8de9c306-3931-4a70-84de-0a6ed279bcb5.png","Selectors":[],"ResponseHeaders":[{"Name":"Accept-Ranges","Value":"bytes"},{"Name":"Cache-Control","Value":"max-age=31536000, immutable"},{"Name":"Content-Length","Value":"422601"},{"Name":"Content-Type","Value":"image/png"},{"Name":"ETag","Value":"\"xYPj+Cj6bGZd190g9lt6+5tjuLEpXLFwLw+2NFcoFFc=\""},{"Name":"Last-Modified","Value":"Mon, 08 Dec 2025 10:15:58 GMT"}],"EndpointProperties":[{"Name":"fingerprint","Value":"19ktowizhw"},{"Name":"integrity","Value":"sha256-xYPj+Cj6bGZd190g9lt6+5tjuLEpXLFwLw+2NFcoFFc="},{"Name":"label","Value":"uploads/8de9c306-3931-4a70-84de-0a6ed279bcb5.png"}]},{"Route":"uploads/8de9c306-3931-4a70-84de-0a6ed279bcb5.png","AssetFile":"uploads/8de9c306-3931-4a70-84de-0a6ed279bcb5.png","Selectors":[],"ResponseHeaders":[{"Name":"Accept-Ranges","Value":"bytes"},{"Name":"Cache-Control","Value":"no-cache"},{"Name":"Content-Length","Value":"422601"},{"Name":"Content-Type","Value":"image/png"},{"Name":"ETag","Value":"\"xYPj+Cj6bGZd190g9lt6+5tjuLEpXLFwLw+2NFcoFFc=\""},{"Name":"Last-Modified","Value":"Mon, 08 Dec 2025 10:15:58 GMT"}],"EndpointProperties":[{"Name":"integrity","Value":"sha256-xYPj+Cj6bGZd190g9lt6+5tjuLEpXLFwLw+2NFcoFFc="}]},{"Route":"uploads/fc034f43-0b10-4809-9a02-6e7020be0520.hlcpdsimh8.png","AssetFile":"uploads/fc034f43-0b10-4809-9a02-6e7020be0520.png","Selectors":[],"ResponseHeaders":[{"Name":"Accept-Ranges","Value":"bytes"},{"Name":"Cache-Control","Value":"max-age=31536000, immutable"},{"Name":"Content-Length","Value":"256624"},{"Name":"Content-Type","Value":"image/png"},{"Name":"ETag","Value":"\"+zb9rbDrCy/yVQ1gX1Eqc2DwIMPA7cIIV7n0Ri3Oob4=\""},{"Name":"Last-Modified","Value":"Sat, 13 Dec 2025 07:52:21 GMT"}],"EndpointProperties":[{"Name":"fingerprint","Value":"hlcpdsimh8"},{"Name":"integrity","Value":"sha256-+zb9rbDrCy/yVQ1gX1Eqc2DwIMPA7cIIV7n0Ri3Oob4="},{"Name":"label","Value":"uploads/fc034f43-0b10-4809-9a02-6e7020be0520.png"}]},{"Route":"uploads/fc034f43-0b10-4809-9a02-6e7020be0520.png","AssetFile":"uploads/fc034f43-0b10-4809-9a02-6e7020be0520.png","Selectors":[],"ResponseHeaders":[{"Name":"Accept-Ranges","Value":"bytes"},{"Name":"Cache-Control","Value":"no-cache"},{"Name":"Content-Length","Value":"256624"},{"Name":"Content-Type","Value":"image/png"},{"Name":"ETag","Value":"\"+zb9rbDrCy/yVQ1gX1Eqc2DwIMPA7cIIV7n0Ri3Oob4=\""},{"Name":"Last-Modified","Value":"Sat, 13 Dec 2025 07:52:21 GMT"}],"EndpointProperties":[{"Name":"integrity","Value":"sha256-+zb9rbDrCy/yVQ1gX1Eqc2DwIMPA7cIIV7n0Ri3Oob4="}]},{"Route":"uploads/locations/logos/1_5d2aa553-d214-4402-94fb-c5fa6f572cb9.19ktowizhw.png","AssetFile":"uploads/locations/logos/1_5d2aa553-d214-4402-94fb-c5fa6f572cb9.png","Selectors":[],"ResponseHeaders":[{"Name":"Accept-Ranges","Value":"bytes"},{"Name":"Cache-Control","Value":"max-age=31536000, immutable"},{"Name":"Content-Length","Value":"422601"},{"Name":"Content-Type","Value":"image/png"},{"Name":"ETag","Value":"\"xYPj+Cj6bGZd190g9lt6+5tjuLEpXLFwLw+2NFcoFFc=\""},{"Name":"Last-Modified","Value":"Wed, 10 Dec 2025 11:18:08 GMT"}],"EndpointProperties":[{"Name":"fingerprint","Value":"19ktowizhw"},{"Name":"integrity","Value":"sha256-xYPj+Cj6bGZd190g9lt6+5tjuLEpXLFwLw+2NFcoFFc="},{"Name":"label","Value":"uploads/locations/logos/1_5d2aa553-d214-4402-94fb-c5fa6f572cb9.png"}]},{"Route":"uploads/locations/logos/1_5d2aa553-d214-4402-94fb-c5fa6f572cb9.png","AssetFile":"uploads/locations/logos/1_5d2aa553-d214-4402-94fb-c5fa6f572cb9.png","Selectors":[],"ResponseHeaders":[{"Name":"Accept-Ranges","Value":"bytes"},{"Name":"Cache-Control","Value":"no-cache"},{"Name":"Content-Length","Value":"422601"},{"Name":"Content-Type","Value":"image/png"},{"Name":"ETag","Value":"\"xYPj+Cj6bGZd190g9lt6+5tjuLEpXLFwLw+2NFcoFFc=\""},{"Name":"Last-Modified","Value":"Wed, 10 Dec 2025 11:18:08 GMT"}],"EndpointProperties":[{"Name":"integrity","Value":"sha256-xYPj+Cj6bGZd190g9lt6+5tjuLEpXLFwLw+2NFcoFFc="}]},{"Route":"uploads/locations/logos/1_8f5c2e28-b9f7-42cb-a664-77b3ddfd5988.mhmemkg8po.png","AssetFile":"uploads/locations/logos/1_8f5c2e28-b9f7-42cb-a664-77b3ddfd5988.png","Selectors":[],"ResponseHeaders":[{"Name":"Accept-Ranges","Value":"bytes"},{"Name":"Cache-Control","Value":"max-age=31536000, immutable"},{"Name":"Content-Length","Value":"499291"},{"Name":"Content-Type","Value":"image/png"},{"Name":"ETag","Value":"\"Wg//ZqJIZp95eHX5qy71dAVWnC3bXtV5boDb951oEP8=\""},{"Name":"Last-Modified","Value":"Wed, 10 Dec 2025 07:56:59 GMT"}],"EndpointProperties":[{"Name":"fingerprint","Value":"mhmemkg8po"},{"Name":"integrity","Value":"sha256-Wg//ZqJIZp95eHX5qy71dAVWnC3bXtV5boDb951oEP8="},{"Name":"label","Value":"uploads/locations/logos/1_8f5c2e28-b9f7-42cb-a664-77b3ddfd5988.png"}]},{"Route":"uploads/locations/logos/1_8f5c2e28-b9f7-42cb-a664-77b3ddfd5988.png","AssetFile":"uploads/locations/logos/1_8f5c2e28-b9f7-42cb-a664-77b3ddfd5988.png","Selectors":[],"ResponseHeaders":[{"Name":"Accept-Ranges","Value":"bytes"},{"Name":"Cache-Control","Value":"no-cache"},{"Name":"Content-Length","Value":"499291"},{"Name":"Content-Type","Value":"image/png"},{"Name":"ETag","Value":"\"Wg//ZqJIZp95eHX5qy71dAVWnC3bXtV5boDb951oEP8=\""},{"Name":"Last-Modified","Value":"Wed, 10 Dec 2025 07:56:59 GMT"}],"EndpointProperties":[{"Name":"integrity","Value":"sha256-Wg//ZqJIZp95eHX5qy71dAVWnC3bXtV5boDb951oEP8="}]},{"Route":"uploads/locations/logos/2_ab0a6739-8c52-46aa-b284-1264cc78b390.j52w1sj53c.png","AssetFile":"uploads/locations/logos/2_ab0a6739-8c52-46aa-b284-1264cc78b390.png","Selectors":[],"ResponseHeaders":[{"Name":"Accept-Ranges","Value":"bytes"},{"Name":"Cache-Control","Value":"max-age=31536000, immutable"},{"Name":"Content-Length","Value":"17630"},{"Name":"Content-Type","Value":"image/png"},{"Name":"ETag","Value":"\"GSxNyLqOPDecZSJAhb+zpTBUf6hS49XEmNvFt5Zh6LU=\""},{"Name":"Last-Modified","Value":"Wed, 10 Dec 2025 19:12:02 GMT"}],"EndpointProperties":[{"Name":"fingerprint","Value":"j52w1sj53c"},{"Name":"integrity","Value":"sha256-GSxNyLqOPDecZSJAhb+zpTBUf6hS49XEmNvFt5Zh6LU="},{"Name":"label","Value":"uploads/locations/logos/2_ab0a6739-8c52-46aa-b284-1264cc78b390.png"}]},{"Route":"uploads/locations/logos/2_ab0a6739-8c52-46aa-b284-1264cc78b390.png","AssetFile":"uploads/locations/logos/2_ab0a6739-8c52-46aa-b284-1264cc78b390.png","Selectors":[],"ResponseHeaders":[{"Name":"Accept-Ranges","Value":"bytes"},{"Name":"Cache-Control","Value":"no-cache"},{"Name":"Content-Length","Value":"17630"},{"Name":"Content-Type","Value":"image/png"},{"Name":"ETag","Value":"\"GSxNyLqOPDecZSJAhb+zpTBUf6hS49XEmNvFt5Zh6LU=\""},{"Name":"Last-Modified","Value":"Wed, 10 Dec 2025 19:12:02 GMT"}],"EndpointProperties":[{"Name":"integrity","Value":"sha256-GSxNyLqOPDecZSJAhb+zpTBUf6hS49XEmNvFt5Zh6LU="}]},{"Route":"uploads/locations/logos/3_954a6099-745e-45f7-90a5-f2f7818f8e1b.3o8xrt8t6v.png","AssetFile":"uploads/locations/logos/3_954a6099-745e-45f7-90a5-f2f7818f8e1b.png","Selectors":[],"ResponseHeaders":[{"Name":"Accept-Ranges","Value":"bytes"},{"Name":"Cache-Control","Value":"max-age=31536000, immutable"},{"Name":"Content-Length","Value":"53674"},{"Name":"Content-Type","Value":"image/png"},{"Name":"ETag","Value":"\"I/nX8EJJK5EUv3iRchFGqaz724BYyGm5YfXGmIEURgI=\""},{"Name":"Last-Modified","Value":"Thu, 11 Dec 2025 08:27:06 GMT"}],"EndpointProperties":[{"Name":"fingerprint","Value":"3o8xrt8t6v"},{"Name":"integrity","Value":"sha256-I/nX8EJJK5EUv3iRchFGqaz724BYyGm5YfXGmIEURgI="},{"Name":"label","Value":"uploads/locations/logos/3_954a6099-745e-45f7-90a5-f2f7818f8e1b.png"}]},{"Route":"uploads/locations/logos/3_954a6099-745e-45f7-90a5-f2f7818f8e1b.png","AssetFile":"uploads/locations/logos/3_954a6099-745e-45f7-90a5-f2f7818f8e1b.png","Selectors":[],"ResponseHeaders":[{"Name":"Accept-Ranges","Value":"bytes"},{"Name":"Cache-Control","Value":"no-cache"},{"Name":"Content-Length","Value":"53674"},{"Name":"Content-Type","Value":"image/png"},{"Name":"ETag","Value":"\"I/nX8EJJK5EUv3iRchFGqaz724BYyGm5YfXGmIEURgI=\""},{"Name":"Last-Modified","Value":"Thu, 11 Dec 2025 08:27:06 GMT"}],"EndpointProperties":[{"Name":"integrity","Value":"sha256-I/nX8EJJK5EUv3iRchFGqaz724BYyGm5YfXGmIEURgI="}]},{"Route":"uploads/locations/logos/4_85838db7-6bea-4faf-bb1f-cee970fefd8a.643obkou3g.png","AssetFile":"uploads/locations/logos/4_85838db7-6bea-4faf-bb1f-cee970fefd8a.png","Selectors":[],"ResponseHeaders":[{"Name":"Accept-Ranges","Value":"bytes"},{"Name":"Cache-Control","Value":"max-age=31536000, immutable"},{"Name":"Content-Length","Value":"21318"},{"Name":"Content-Type","Value":"image/png"},{"Name":"ETag","Value":"\"xuCXWYR8z0RY2ZN8JSrMNKlaIv0k9gKrFtrKBHRfWj8=\""},{"Name":"Last-Modified","Value":"Sat, 13 Dec 2025 12:21:59 GMT"}],"EndpointProperties":[{"Name":"fingerprint","Value":"643obkou3g"},{"Name":"integrity","Value":"sha256-xuCXWYR8z0RY2ZN8JSrMNKlaIv0k9gKrFtrKBHRfWj8="},{"Name":"label","Value":"uploads/locations/logos/4_85838db7-6bea-4faf-bb1f-cee970fefd8a.png"}]},{"Route":"uploads/locations/logos/4_85838db7-6bea-4faf-bb1f-cee970fefd8a.png","AssetFile":"uploads/locations/logos/4_85838db7-6bea-4faf-bb1f-cee970fefd8a.png","Selectors":[],"ResponseHeaders":[{"Name":"Accept-Ranges","Value":"bytes"},{"Name":"Cache-Control","Value":"no-cache"},{"Name":"Content-Length","Value":"21318"},{"Name":"Content-Type","Value":"image/png"},{"Name":"ETag","Value":"\"xuCXWYR8z0RY2ZN8JSrMNKlaIv0k9gKrFtrKBHRfWj8=\""},{"Name":"Last-Modified","Value":"Sat, 13 Dec 2025 12:21:59 GMT"}],"EndpointProperties":[{"Name":"integrity","Value":"sha256-xuCXWYR8z0RY2ZN8JSrMNKlaIv0k9gKrFtrKBHRfWj8="}]},{"Route":"uploads/locations/templates/1_4bc31a6d-4eec-4405-ab61-a03948b5448c.5b7kp4b1xl.pdf","AssetFile":"uploads/locations/templates/1_4bc31a6d-4eec-4405-ab61-a03948b5448c.pdf","Selectors":[],"ResponseHeaders":[{"Name":"Accept-Ranges","Value":"bytes"},{"Name":"Cache-Control","Value":"max-age=31536000, immutable"},{"Name":"Content-Length","Value":"178206"},{"Name":"Content-Type","Value":"application/pdf"},{"Name":"ETag","Value":"\"/2R9PPFvQgy1uGk/OgbhW2KwKOYXD9QRx6IPUbaetHg=\""},{"Name":"Last-Modified","Value":"Wed, 10 Dec 2025 07:56:59 GMT"}],"EndpointProperties":[{"Name":"fingerprint","Value":"5b7kp4b1xl"},{"Name":"integrity","Value":"sha256-/2R9PPFvQgy1uGk/OgbhW2KwKOYXD9QRx6IPUbaetHg="},{"Name":"label","Value":"uploads/locations/templates/1_4bc31a6d-4eec-4405-ab61-a03948b5448c.pdf"}]},{"Route":"uploads/locations/templates/1_4bc31a6d-4eec-4405-ab61-a03948b5448c.pdf","AssetFile":"uploads/locations/templates/1_4bc31a6d-4eec-4405-ab61-a03948b5448c.pdf","Selectors":[],"ResponseHeaders":[{"Name":"Accept-Ranges","Value":"bytes"},{"Name":"Cache-Control","Value":"no-cache"},{"Name":"Content-Length","Value":"178206"},{"Name":"Content-Type","Value":"application/pdf"},{"Name":"ETag","Value":"\"/2R9PPFvQgy1uGk/OgbhW2KwKOYXD9QRx6IPUbaetHg=\""},{"Name":"Last-Modified","Value":"Wed, 10 Dec 2025 07:56:59 GMT"}],"EndpointProperties":[{"Name":"integrity","Value":"sha256-/2R9PPFvQgy1uGk/OgbhW2KwKOYXD9QRx6IPUbaetHg="}]},{"Route":"wwwroot/uploads/fc6804e3-06f8-48da-9676-59d84ae2c899.jdkrn01spb.png","AssetFile":"wwwroot/uploads/fc6804e3-06f8-48da-9676-59d84ae2c899.png","Selectors":[],"ResponseHeaders":[{"Name":"Accept-Ranges","Value":"bytes"},{"Name":"Cache-Control","Value":"max-age=31536000, immutable"},{"Name":"Content-Length","Value":"5132"},{"Name":"Content-Type","Value":"image/png"},{"Name":"ETag","Value":"\"GdkrotvLbXzdKU100u4zm4Cn54acTGMuWcyT0Ggw/yk=\""},{"Name":"Last-Modified","Value":"Mon, 08 Dec 2025 07:48:41 GMT"}],"EndpointProperties":[{"Name":"fingerprint","Value":"jdkrn01spb"},{"Name":"integrity","Value":"sha256-GdkrotvLbXzdKU100u4zm4Cn54acTGMuWcyT0Ggw/yk="},{"Name":"label","Value":"wwwroot/uploads/fc6804e3-06f8-48da-9676-59d84ae2c899.png"}]},{"Route":"wwwroot/uploads/fc6804e3-06f8-48da-9676-59d84ae2c899.png","AssetFile":"wwwroot/uploads/fc6804e3-06f8-48da-9676-59d84ae2c899.png","Selectors":[],"ResponseHeaders":[{"Name":"Accept-Ranges","Value":"bytes"},{"Name":"Cache-Control","Value":"no-cache"},{"Name":"Content-Length","Value":"5132"},{"Name":"Content-Type","Value":"image/png"},{"Name":"ETag","Value":"\"GdkrotvLbXzdKU100u4zm4Cn54acTGMuWcyT0Ggw/yk=\""},{"Name":"Last-Modified","Value":"Mon, 08 Dec 2025 07:48:41 GMT"}],"EndpointProperties":[{"Name":"integrity","Value":"sha256-GdkrotvLbXzdKU100u4zm4Cn54acTGMuWcyT0Ggw/yk="}]}]}